Artist,Producer,weight
The Roots,Grand Wizzards,20
The Roots,Kamal Gray,4
The Roots,Rahzel,2
The Roots,Questlove,56
The Roots,James Poyser,6
The Roots,Scott Storch,9
The Roots,Angry,4
The Roots,Randy Watson Experience,3
The Roots,John McGlinchey,1
The Roots,Radji Mateen,2
The Roots,Khari Mateen,11
The Roots,Richard Nichols,27
The Roots,Dice Raw,6
The Roots,Black Thought,13
The Roots,"Mel ""Chaos"" Lewis",2
The Roots,J Dilla,2
The Roots,Brook D'Leau,2
The Roots,Kelo,9
The Roots,Bob Emmer,1
The Roots,Nesuhi Ertegun,1
The Roots,"Lamar ""Mars"" Edwards",3
The Roots,A.J. Shine,10
The Roots,Grand Negaz,18
The Roots,Pedro Martinez,4
The Roots,Ray Angry,6
The Roots,Tahir,5
The Roots,Chaos,5
The Roots,Ritz Reynolds,2
The Roots,Frank Knuckles,2
The Roots,Anthony Tidd,2
The Roots,Owen Biddle,3
The Roots,Jeremy Grenhart,4
The Roots,Rick Friedrich,3
The Roots,Diplo,1
The Roots,Kevin Hanson,3
The Roots,The Ummah,1
The Roots,Darryl Robinson,1
The Roots,Mike Elizondo,1
The Roots,Trapzillas,1
The Roots,Mike Jerz,1
The Roots,Da Beatminerz,1
The Roots,Zukhan,2
The Roots,Karriem Riggins,1
The Roots,Sufjan Stevens,1
The Roots,Alectrick.Korn,1
The Roots,DJ Scratch,1
The Roots,Kamiah Gray,1
The Roots,Hot Sugar,1
The Roots,L.V.,1
The Roots,Sean C,1
The Roots,Adam Blackstone,1
The Roots,BT,1
The Roots,Joseph Simmons,1
The Roots,DD Jackson,2
The Roots,Damion Ward,2
The Roots,Slimkid3,1
The Roots,"John ""L.A. Jay"" Barnes",1
The Roots,Cody Chesnutt,1
The Roots,The Wurxs,1
The Roots,Robert Dorsey,1
The Roots,Raphael Saadiq,1
The Roots,Mike Lowe,1
The Roots,!llmind,1
Eve,Swizz Beatz,26
Eve,Jon jon,2
Eve,Claude Kelly,1
Eve,Staxx,1
Eve,DJ Shok,5
Eve,Icepick Jay,2
Eve,R8D!O,1
Eve,Mel-Man,1
Eve,Teflon,4
Eve,Trackmasters,1
Eve,Frank Nitty,1
Eve,Rico Love,1
Eve,Salaam Remi,1
Eve,7 Aurelius,1
Eve,Irv Gotti,1
Eve,Felix Snow,1
Eve,Hotrunner,2
Eve,Sander Van Der Waal,2
Eve,Surge,2
Eve,Scott Storch,1
Eve,Dr. Dre,4
Eve,Stevie J,2
Eve,P Killer Trackz,3
Eve,Jukebox,3
Eve,Da Neckbones,1
Eve,Amon Flanagon,1
Eve,Shoddy AKA Shottie,1
Eve,Stephen Marley,1
Eve,Bink!,1
Eve,Mike Elizondo,1
Eve,"Elvis ""BlackElvis"" Williams",1
Eve,Dame Grease,1
DJ Jazzy Jeff & The Fresh Prince,Mr. Lee,1
DJ Jazzy Jeff & The Fresh Prince,DJ Jazzy Jeff,6
DJ Jazzy Jeff & The Fresh Prince,Jeff Townes,2
DJ Jazzy Jeff & The Fresh Prince,Teddy Riley,1
DJ Jazzy Jeff & The Fresh Prince,Hula & K Fingers,1
Ludacris,Bangladesh,13
Ludacris,Metro Boomin,3
Ludacris,Keith Mack,1
Ludacris,Jazze Pha,2
Ludacris,Wonder,1
Ludacris,1500 or Nothin',1
Ludacris,Ron Browz,2
Ludacris,Organized Noize,4
Ludacris,The Runners,3
Ludacris,Alex Da Kid,1
Ludacris,Kamau Georges,1
Ludacris,Clinton Sparks,1
Ludacris,Syk Sense,1
Ludacris,"Kevin ""Khao"" Cates",2
Ludacris,!llmind,2
Ludacris,DKallday,1
Ludacris,Jook,2
Ludacris,Mike WiLL Made-It,2
Ludacris,DJ Toomp,4
Ludacris,Scott Storch,1
Ludacris,Swizz Beatz,4
Ludacris,DJ Paul,2
Ludacris,Juicy J,2
Ludacris,Drumma Boy,1
Ludacris,9th Wonder,1
Ludacris,Trak Starz,2
Ludacris,Happy Perez,1
Ludacris,DJ Montay,1
Ludacris,DJ Don Cannon,2
Ludacris,Eminem,1
Ludacris,Mr. Porter,1
Ludacris,DJ Khaled,1
Ludacris,Trackmasters,2
Ludacris,The Neptunes,8
Ludacris,Gaggie,1
Ludacris,Mr. Jonz,1
Ludacris,The Medicine Men,1
Ludacris,Lil Ronnie,1
Ludacris,Da Internz,5
Ludacris,Jermaine Dupri,1
Ludacris,L.V.M.,4
Ludacris,DJ Nasty,4
Ludacris,P. King,1
Ludacris,DJ Mustard,1
Ludacris,DJ Green Lantern,2
Ludacris,Erick Sermon,1
Ludacris,Mo B. Dick,2
Ludacris,Heazy,1
Ludacris,T-Minus,3
Ludacris,FATBOI,2
Ludacris,Tony Dinero,1
Ludacris,B Crucial,1
Ludacris,Wyldfyer,2
Ludacris,Infinity,1
Ludacris,Steven Q-Beatz,1
Ludacris,Bigg D,1
Ludacris,Icedrake,3
Ludacris,Xcel,1
Ludacris,Tone Mason,1
Ludacris,Timbaland,4
Ludacris,Vudu,2
Ludacris,Three 6 Mafia,1
Ludacris,David Banner,1
Ludacris,Frank Dukes,1
Ludacris,Remo the Hitmaker,1
Ludacris,DJ Pain,1
Ludacris,KLC,1
Ludacris,D.R.U.G.S,1
Ludacris,DJ Premier,1
Ludacris,The Legendary Traxster,2
Ludacris,Mel&Mus,1
Ludacris,J.U.S.T.I.C.E. League,1
Ludacris,Kyle Justice,1
Ludacris,Salaam Remi,1
Ludacris,Ne-Yo,1
Ludacris,Cashmere Cat,1
Ludacris,Needlz,1
Ludacris,KC Da Beatmonster,1
Ludacris,Donnie Scantz,1
Ludacris,Polow da Don,3
Ludacris,Andre Harris,2
Ludacris,Vidal Davis,2
Ludacris,Zukhan,1
Ludacris,David Guetta,1
Ludacris,Giorgio Tuinfort,1
Ludacris,FKi,1
Ludacris,M16,1
Ludacris,Scarface,1
Ludacris,Kajun,1
Ludacris,ID Labs,1
Ludacris,Jo Christo,1
Ludacris,StreetRunner,1
Ludacris,LT Moe,1
Ludacris,Kanye West,1
Ludacris,Black Key,1
Ludacris,"Sidney ""Omen"" Brown",1
Ludacris,Just Blaze,1
Ludacris,Cool,1
Ludacris,Dre,1
Ludacris,Nineteen85,1
Ludacris,Rich Skillz,1
Ludacris,Rodney Jerkins,1
Ludacris,Big K.R.I.T.,1
Ludacris,Craig King,1
Ludacris,8TRIX,1
Ludacris,Ken Jo,1
Ludacris,Chaka Zulu,1
Kanye West,Mike Dean,25
Kanye West,Karriem Riggins,1
Kanye West,Jon Brion,11
Kanye West,Charlie Heat,4
Kanye West,Puff Daddy,2
Kanye West,Velous,2
Kanye West,Allen Ritter,2
Kanye West,88-Keys,3
Kanye West,Q-Tip,2
Kanye West,Noah Goldstein,5
Kanye West,French Montana,1
Kanye West,"Brian ""All Day"" Miller",1
Kanye West,Warren Trotter,1
Kanye West,Malik Jones,1
Kanye West,Jeff Bhasker,5
Kanye West,Rosie Danvers,1
Kanye West,DJ Premier,3
Kanye West,Lex Luger,4
Kanye West,Nottz,1
Kanye West,StarGate,1
Kanye West,Seth MacFarlane,1
Kanye West,DJ Dodger Stadium,2
Kanye West,DJ Toomp,4
Kanye West,Daft Punk,4
Kanye West,Lido,1
Kanye West,DJ Frank E,1
Kanye West,Arca,3
Kanye West,TNGHT,1
Kanye West,"Carlos ""6 July"" Broady",1
Kanye West,Robert Glasper Experiment,1
Kanye West,J Dilla,2
Kanye West,Tyler,1
Kanye West, The Creator,1
Kanye West,Hudson Mohawke,3
Kanye West,Eric Danchild,1
Kanye West,Che Pope,1
Kanye West,No I.D.,4
Kanye West,Brian Miller,1
Kanye West,A-Trak,1
Kanye West,Hit-Boy,3
Kanye West,RZA,2
Kanye West,Bink!,1
Kanye West,Devo Springsteen,2
Kanye West,Young Chop,1
Kanye West,The Individualz,1
Kanye West,Swizz Beatz,4
Kanye West,Ellen DeGeneres,1
Kanye West,The Ellen DeGeneres Show,2
Kanye West,TM88,1
Kanye West,Metro Boomin,2
Kanye West,Southside,2
Kanye West,Havoc,3
Kanye West,Rick Rubin,2
Kanye West,Eric Hudson,2
Kanye West,Mitus,3
Kanye West,Sinjin Hawke,4
Kanye West,Cashmere Cat,4
Kanye West,Ahmad Jamal,1
Kanye West,S1,5
Kanye West,Ackeejuice Rockers,1
Kanye West,Travis Scott,1
Kanye West,Warryn Campbell,2
Kanye West,Dom Solo,1
Kanye West,Evian Christ,1
Kanye West,TIME Magazine,1
Kanye West,Jay Z & Kanye West,1
Kanye West,BBC Radio,1
Kanye West,Mike WiLL Made-It,1
Kanye West,Lifted (Producer),1
Kanye West,Salva,1
Kanye West,Plain Pat,1
Kanye West,Madlib,1
Kanye West,Melbeatz,1
Kanye West,Paul McCartney,1
Kanye West,Andrew Dawson,1
Kanye West,Menace (UK),1
Kanye West,Boi-1da,1
Kanye West,Brodinski,1
Kanye West,Gesaffelstein,1
Kanye West,Timbaland,1
Kanye West,Sway,1
Kanye West,Evidence,1
Kanye West,"Kyambo ""Hip Hop"" Joshua",1
Kanye West,Gee Robertson,1
Kanye West,"Kareem ""Biggs"" Burke (Executive Producer)",1
Kanye West,Dame Dash (Executive Producer),1
Kanye West,Jay Z (Executive Producer),1
Kanye West,!llmind,1
Kanye West,Lil Jon,2
Kanye West,"Andrew ""Pop"" Wansel",1
Kanye West,Just Blaze,1
Kanye West,Chance The Rapper,1
Kanye West,Caroline Shaw,1
Kanye West,Jim Joe,1
T.I.,DJ Toomp,26
T.I.,Parental Advisory,1
T.I.,Bryan-Michael Cox,1
T.I.,London On Da Track,3
T.I.,Corey OZ Simon,3
T.I.,Caviar,3
T.I.,T-Minus,5
T.I.,"Shomari ""Shonuff"" Wilson",1
T.I.,The Neptunes,7
T.I.,Sanchez Holmes,10
T.I.,Brian Kidd,5
T.I.,Rico Love,2
T.I.,Mannie Fresh,9
T.I.,MP 808,1
T.I.,Rossi,1
T.I.,Lil C,13
T.I.,Rara,1
T.I.,Swizz Beatz,4
T.I.,Scena,1
T.I.,Jazzfeezy,3
T.I.,Mr. Jonz,1
T.I.,Jamezz Bonn,1
T.I.,DJ Montay,1
T.I.,Alex Da Kid,1
T.I.,League of Starz,1
T.I.,Jazze Pha,5
T.I.,Nard & B,3
T.I.,David Banner,4
T.I.,Rob Knox,1
T.I.,Justin Timberlake,1
T.I.,True Divine Baptist Church,1
T.I.,Kanye West,5
T.I.,DJ Technique,1
T.I.,The Runners,3
T.I.,Dr. Dre,2
T.I.,"Lamar ""Mars"" Edwards",3
T.I.,"Chad ""Wes"" Hamilton",1
T.I.,Danja,5
T.I.,Mike WiLL Made-It,2
T.I.,J.U.S.T.I.C.E. League,2
T.I.,DJ Don Cannon,1
T.I.,Chuck Diesel,4
T.I.,Scott Storch,1
T.I.,Nikhil “Kromatik” Seetharam,4
T.I.,Just Blaze,7
T.I.,Cardiak,1
T.I.,Chinky P,1
T.I.,Pharrell Williams,5
T.I.,R. City,1
T.I.,Hit-Boy,1
T.I.,"Kevin ""Khao"" Cates",8
T.I.,Maestro,1
T.I.,Smash Factory,2
T.I.,Carlos Thorton,2
T.I.,"Benny ""Dada"" Tillman",2
T.I.,Ke'noe,3
T.I.,Young Chop,1
T.I.,Two Band Geeks,1
T.I.,Cut The Check,1
T.I.,TrackSlayerz,1
T.I.,"Kannon ""Caviar"" Cross",1
T.I.,Stan the Guitar Man,1
T.I.,"Nick ""Fury"" Loftin",4
T.I.,Zaire Koalo,1
T.I.,The Beat Bully,1
T.I.,Hudson Mohawke,1
T.I.,Jahlil Beats,1
T.I.,Kane Beatz,1
T.I.,Lil Jon,2
T.I.,Jim Jonsin,2
T.I.,Tricky Stewart,3
T.I.,The-Dream,2
T.I.,Clifford Harris,1
T.I.,Keith Mack,6
T.I.,Travis Sayles,2
T.I.,"Tommy ""TBHITS"" Brown",4
T.I.,Valentino Khan,1
T.I.,1500 or Nothin',2
T.I.,K.I.P.,1
T.I.,C4,1
T.I.,Shorty B,1
T.I.,Daz Dillinger,1
T.I.,Drumma Boy,4
T.I.,"Sedeck ""All Hands On Deck"" Jean",2
T.I.,Lil Wonda,2
T.I.,Wyclef Jean,2
T.I.,DJ Mustard,1
T.I.,DJ MLK,1
T.I.,Bobby Johnson Beats,1
T.I.,Mex Manny,1
T.I.,Cavi,1
T.I.,Ace Harris,2
T.I.,SAK PASE,2
T.I.,Polow da Don,1
T.I.,Jake One,1
T.I.,Tony Galvin,2
T.I.,"Elvis ""BlackElvis"" Williams",1
T.I.,Po Johns,1
T.I.,Sir Clef,1
T.I.,Craig Love,1
T.I.,"Charles ""Chizzy"" Stephens III",1
T.I.,The Individualz,1
T.I.,Trev Case,1
T.I.,Dr. Luke,1
T.I.,K Tracks,1
T.I.,The Futuristiks,1
T.I.,Jeff Bass,1
T.I.,Eminem,1
T.I.,"Ryan ""LiquidSound"" Katz",1
T.I.,Steven Holdren,1
T.I.,Bao Quoc Pham,1
T.I.,No I.D.,2
T.I.,Marz (Producer),1
T.I.,Mike & Keys,1
T.I.,P.A.,1
T.I.,KLC,1
T.I.,Steve Samson,1
T.I.,Travis Barker,1
Chance The Rapper,Dj Such n Such,2
Chance The Rapper,Zane Lowe,1
Chance The Rapper,Flying Lotus,1
Chance The Rapper,Jake One,1
Chance The Rapper,Orlando Hays,1
Chance The Rapper,Dre Sanchez,2
Chance The Rapper,Brandon Breaux,1
Chance The Rapper,KAYTRANADA,1
Chance The Rapper,Kanye West,1
Chance The Rapper,The Social Experiment,18
Chance The Rapper,Lido,2
Chance The Rapper,Cam O'bi,6
Chance The Rapper,Professor Fox,1
Chance The Rapper,Peter Cottontale,6
Chance The Rapper,Nate Fox,5
Chance The Rapper,Jordan Ware,1
Chance The Rapper,DJ O-ZONE,1
Chance The Rapper,Blended Babies,2
Chance The Rapper,Idk,1
Chance The Rapper,Lex Luger,1
Chance The Rapper,Stefan Ponce,2
Chance The Rapper,Nascent,1
Chance The Rapper,Zak Fox,1
Chance The Rapper,Tree,1
Chance The Rapper,Hiatus Kaiyote,1
Chance The Rapper,Ludwig Göransson,1
Chance The Rapper,Donnie Trumpet & The Social Experiment,1
Chance The Rapper,Rascal,1
Chance The Rapper,Caleb James,1
Chance The Rapper,Nico Segal,2
Chance The Rapper,Beirut,1
Chance The Rapper,THEMPeople,2
Chance The Rapper,Thomas Foolery,1
Chance The Rapper,CBMIX,1
Chance The Rapper,Stix,1
Chance The Rapper,Ace Hashimoto,2
Chance The Rapper,BrassTracks,1
Chance The Rapper,MF Love,1
Chance The Rapper,Prince Talent,1
Chance The Rapper,Nosaj Thing,1
Chance The Rapper,CeeJ,1
Chance The Rapper,BenZel,1
Chance The Rapper,GARREN,1
Chance The Rapper,Corin Roddick,1
Chance The Rapper,Francis and the Lights,1
Chance The Rapper,Bongo the Drum GAHD,1
Chance The Rapper,Chuck Inglish,1
Chance The Rapper,D. Phelps,1
Chance The Rapper,Jack Red,1
Chance The Rapper,Smoko Ono,1
Chance The Rapper,Apollo Brown,1
Chance The Rapper,Francis Farewell Starlite,1
Chance The Rapper,J Gramm Beats,1
Chance The Rapper,SpaceGang,1
Common,Dug Infinite,2
Common,No I.D.,60
Common,Hi-Tek,4
Common,Andre Harris,1
Common,Karriem Riggins,18
Common,​will.i.am,2
Common,J Dilla,23
Common,The Roots,2
Common,The Neptunes,9
Common,Jamie Foxx,1
Common,Pino Palladino,5
Common,James Poyser,18
Common,Questlove,13
Common,Kanye West,22
Common,The Twilite Tone,3
Common,Mr. DJ,2
Common,Ynot,3
Common,D'Angelo,4
Common,Kelo,1
Common,Killa D,1
Common,Solange,1
Common,Raphael Saadiq,1
Common,Mike Chav,1
Common,Aramis Riley,1
Common,DJ Dummy,1
Common,9th Wonder,1
Common,PK (Rapper),1
Common,"Leon ""RoccStar"" Youngblood Jr",1
Common,A-Trak,1
Common,Spike Rebel,2
Common,The Beatnuts,1
Common,Jeff Lee Johnson,2
Common,2 pc. DRK,2
Common,Frank Dukes,1
Common,Large Professor,1
Common,D-True,3
Common,DJ Premier,1
Common,Pete Rock,1
Common,J. Period,1
Common,DJ Keynote Speakaz,1
Common,Cocaine 80's,1
Common,Robert Glasper,2
Gucci Mane,Drumma Boy,74
Gucci Mane,Zaytoven,156
Gucci Mane,Southside,29
Gucci Mane,Reefa,2
Gucci Mane,Metro Boomin,23
Gucci Mane,Chop Squad,1
Gucci Mane,Mike WiLL Made-It,60
Gucci Mane,Trap-A-Holics,2
Gucci Mane,Lex Luger,20
Gucci Mane,Big Cat Productions,2
Gucci Mane,DJ Plugg,3
Gucci Mane,Juicy J,1
Gucci Mane,DJ Paul,1
Gucci Mane,Da Honorable C.N.O.T.E.,44
Gucci Mane,T-Pain,1
Gucci Mane,Will-A-Fool,4
Gucci Mane,DJ Drama,4
Gucci Mane,Tarentino,19
Gucci Mane,TM88,16
Gucci Mane,Nard & B,7
Gucci Mane,Purps,8
Gucci Mane,C-Note,2
Gucci Mane,DJ Holiday,3
Gucci Mane,808 Mafia,20
Gucci Mane,FATBOI,20
Gucci Mane,C4,27
Gucci Mane,Sonny Digital,4
Gucci Mane,Twinnzel Washington,1
Gucci Mane,Filnobep,1
Gucci Mane,Boi-1da,1
Gucci Mane,Murda,5
Gucci Mane,Young Chop,5
Gucci Mane,Bangladesh,6
Gucci Mane,Scott Storch,1
Gucci Mane,D. Rich,2
Gucci Mane,Bankroll Clay,3
Gucci Mane,DJ Squeeky,1
Gucci Mane,DJ Mustard,3
Gucci Mane,Nitti,9
Gucci Mane,DJ Spinz,11
Gucci Mane,Roger Beat,1
Gucci Mane,Dun Deal,5
Gucci Mane,Wyclef Jean,2
Gucci Mane,KE on the Track,3
Gucci Mane,!llmind,1
Gucci Mane,Shawty Redd,16
Gucci Mane,Polow da Don,4
Gucci Mane,Izze The Producer,2
Gucci Mane,The Heatmakerz,1
Gucci Mane,Spinz,1
Gucci Mane,"Jerry ""Wonda"" Duplessis",2
Gucci Mane,"Arden ""Keyz"" Altino",1
Gucci Mane,Big Cat Records,1
Gucci Mane,Cassius Jay,2
Gucci Mane,Frado,1
Gucci Mane,OZ,1
Gucci Mane,London On Da Track,7
Gucci Mane,FKi,2
Gucci Mane,Cyber Sapp,2
Gucci Mane,DJ X-Rated,1
Gucci Mane,Detail,2
Gucci Mane,DJ Speedy,4
Gucci Mane,Raw Beats,3
Gucci Mane,Mannie Fresh,1
Gucci Mane,All Star,1
Gucci Mane,Sharptastic,1
Gucci Mane,Wayne Wilkins,1
Gucci Mane,Jim Jonsin,1
Gucci Mane,DramaBoi,1
Gucci Mane,Soulja Boy,1
Gucci Mane,Swizz Beatz,2
Gucci Mane,The Individualz,1
Gucci Mane,The Neptunes,1
Gucci Mane,Pharrell Williams,1
Gucci Mane,CuBeatz,1
Gucci Mane,Hit-Boy,1
Gucci Mane,Butta,1
Gucci Mane,Rio the Superproducer,1
Gucci Mane,The Supasonics,1
Gucci Mane,Sean Garrett,1
Gucci Mane,Rob Holladay,1
Gucci Mane,Arizone Slim,1
Gucci Mane,Rodney Jerkins,1
Gucci Mane,"Jabbar ""Bah"" Stevens",1
Gucci Mane,DolanBeats,1
Gucci Mane,Johhny Juliano,1
Gucci Mane,Schife,1
Gucci Mane,OhZee,1
Gucci Mane,Get Money,1
Gucci Mane,Ferrari Smash,2
Gucci Mane,Fatboy,2
Gucci Mane,DJ Burn One,1
Gucci Mane,Mel-Man,1
Gucci Mane,Gorilla Zoe,1
Gucci Mane,"Sedeck ""All Hands On Deck"" Jean",1
Gucci Mane,Wheezy,1
Gucci Mane,K Tibbs,1
Gucci Mane,Phenom Da Don,2
Gucci Mane,Low,1
Gucci Mane,Sean Paine,1
Gucci Mane,Marz (Producer),1
Gucci Mane,Swae Lee,1
Gucci Mane,BWheezy,1
Gucci Mane,Beat Billionaire,1
Gucci Mane,G.Fresh,1
Gucci Mane,Doughboy Beatz,1
Gucci Mane,Knuckle Head,1
Gucci Mane,Rap Beats Moscow,1
Gucci Mane,TrapMoneyBenny,1
Gucci Mane,Young Dro,1
Gucci Mane,Lil Flip,1
Gucci Mane,Chief Keef,1
Gucci Mane,DP Beats,1
Gucci Mane,Supastar J. Kwik,1
Gucci Mane,Kevin McCall,1
Gucci Mane,Jazze Pha,1
Gucci Mane,DJ Cash,1
Gucci Mane,Paulin Jardim,1
Gucci Mane,Big Korey,1
Gucci Mane,DJ Montay,1
Gucci Mane,J.U.S.T.I.C.E. League,1
Gucci Mane,Ricky Racks,1
Gucci Mane,Josh Butler,1
Gucci Mane,BBanga,1
Gucci Mane,Rocko,1
Gucci Mane,Slim Major,1
Gucci Mane,Big Fruit,1
Gucci Mane,Trap Beats,1
Migos,DJ Ray G,2
Migos,Zaytoven,66
Migos,Mercy,5
Migos,Metro Boomin,8
Migos,Phenom Da Don,13
Migos,OG Parker,7
Migos,Cheeze Beatz,6
Migos,Purps,2
Migos,Cassius Jay,6
Migos,Murda,32
Migos,DJ Durel,8
Migos,TheKnuckledustersTV,1
Migos,G Koop,1
Migos,ZHU,1
Migos,Juvie,1
Migos,DJ Burn One,1
Migos,Stack Boy Twaun,10
Migos,Swift Bangs,1
Migos,Buddah Bless,1
Migos,Dun Deal,10
Migos,Ricky Racks,2
Migos,Will-A-Fool,2
Migos,Black Akademy,1
Migos,MPC Cartel,1
Migos,Deko,11
Migos,Lil Chriiz,1
Migos,Mario Slo,1
Migos,TrePounds,1
Migos,DY of 808 Mafia,1
Migos,Da Honorable C.N.O.T.E.,12
Migos,Cardo,1
Migos,C4,1
Migos,Mack Boy,4
Migos,Wheezy,2
Migos,DJ Plugg,4
Migos,DJ KNIGHT,3
Migos,Breezy,1
Migos,DJ Spinz,1
Migos,Fuse 100 of 808 Mafia,1
Migos,J-Hill,1
Migos,Dee.Money,3
Migos,Cash Clay,1
Migos,Deraj Global,1
Migos,Drumma Boy,1
Migos,LUDAKRIS,1
Migos,30 Roc,2
Migos,DJ Mustard,1
Migos,Sonny Digital,2
Migos,DJ Genius,1
Migos,Noble Beats,1
Migos,DJ Montay,1
Migos,TM88,4
Migos,Nard & B,4
Migos,EA,1
Migos,Helluvalife,1
Migos,DJ Suede,1
Migos,Pac On It,1
Migos,808 Mafia,1
Migos,DJ D-Wrek,1
Migos,Mike WiLL Made-It,1
Migos,Earl Hood,1
Migos,Earl Goudy II,1
Migos,Rico Love,1
Migos,Thurston McCrea,1
Migos,YDG (2),1
Migos,Tony Fadd,1
Migos,MP 808,1
Migos,X.L.,3
Migos,Spinz,1
Migos,OG,1
Migos,DJ Kash,1
Migos,DJ Victoriouz,1
Migos,Purp Dogg,1
Migos,808Godz,1
Migos,KeanuBeats,1
Migos,Unknown,1
OutKast,Earthtone III,29
OutKast,Organized Noize,42
OutKast,André 3000,34
OutKast,Big Boi,7
OutKast,Slimm Jim,1
OutKast,Mr. DJ,7
OutKast,"Nate ""Rocket"" Wonder",1
OutKast,Janelle Monáe,1
OutKast,Chuck Lightning,1
OutKast,Carl Mo,4
OutKast,Donny Mathis,1
OutKast,Tim Thomas,1
OutKast,Teddy Bishop,1
OutKast,DJ Cutmaster Swiff,1
OutKast,Earthtone Ideas,1
OutKast,"Myrna ""Peaches"" Crenshaw",1
OutKast,Dojo5,1
OutKast,Kevin Kendricks,1
Twista,Kray Twinz,1
Twista,The Legendary Traxster,45
Twista,Cuzo,7
Twista,Jeff Bhasker,1
Twista,No I.D.,1
Twista,Kanye West,4
Twista,John Gant,1
Twista,Toxic,18
Twista,Mr. B,1
Twista,DJ Rhythm,7
Twista,Jazze Pha,2
Twista,DJ Don Cannon,2
Twista,DJ Tight Mike,4
Twista,Perion,1
Twista,Caution&Velly,1
Twista,Ben Cybulsky,1
Twista,The Chicago Sun-Times,1
Twista,Scott Storch,1
Twista,Jim Jonsin,1
Twista,The Neptunes,3
Twista,M-A-D,1
Twista,Wildstyle,1
Twista,Mr. Collipark,1
Twista,I.L.O.,1
Twista,StreetRunner,1
Twista,R. Kelly,2
Twista,Titan,1
Twista,Yung Berg,1
Twista,UC,1
Twista,Mando,1
Twista,Cardiak,1
Twista,Ty Fyffe,1
Twista,Quick Silver Cooley,1
Twista,MGI,1
Twista,Gooodwill,1
Twista,Low Level Productions,1
Twista,Rodney Jerkins,1
Twista,Red Spyda,1
Twista,Chris Millionaire,1
Twista,Zaytoven,1
Twista,Lo Key,1
Twista,Basement Beats,1
Crucial Conflict,Wildstyle,2
Crucial Conflict,Ralph Leverston,1
Lupe Fiasco,Gorillaz,6
Lupe Fiasco,DJ Dahi,4
Lupe Fiasco,Alex Da Kid,2
Lupe Fiasco,Cory Buchanan,1
Lupe Fiasco,Wizzo Buchanan,1
Lupe Fiasco,The Buchanans,3
Lupe Fiasco,Prolyfic,7
Lupe Fiasco,Kavinsky,1
Lupe Fiasco,Bryce Wilson,1
Lupe Fiasco,Puff Daddy,1
Lupe Fiasco,Mario Winans,1
Lupe Fiasco,Rich Kidd,1
Lupe Fiasco,Free Chilly,1
Lupe Fiasco,B-Sides,3
Lupe Fiasco,SIMON SAYZ,10
Lupe Fiasco,1500 or Nothin',4
Lupe Fiasco,Famties,1
Lupe Fiasco,Bullit,1
Lupe Fiasco,Ayesha Jaco,1
Lupe Fiasco,King David “The Future”,5
Lupe Fiasco,Kanye West,5
Lupe Fiasco,Jason Boyd,3
Lupe Fiasco,The Audibles,2
Lupe Fiasco,Soundtrakk,29
Lupe Fiasco,S1,3
Lupe Fiasco,Vohn Beatz,2
Lupe Fiasco,Superflyronald,1
Lupe Fiasco,Anonymous Gallery,1
Lupe Fiasco,Poo Bear,3
Lupe Fiasco,The Runners,2
Lupe Fiasco,​iSHi,3
Lupe Fiasco,Dan the Automator,1
Lupe Fiasco,Brody Brown,3
Lupe Fiasco,Larrance Dopson,4
Lupe Fiasco,Craig Kallman,2
Lupe Fiasco,Just Blaze,1
Lupe Fiasco,MoeZ'art,3
Lupe Fiasco,Mr Inkredible,1
Lupe Fiasco,Jack LNDN,1
Lupe Fiasco,Menace (UK),1
Lupe Fiasco,Nottz,1
Lupe Fiasco,Le Messie,2
Lupe Fiasco,Infamous,1
Lupe Fiasco,Mr. Lee,1
Lupe Fiasco,Chris&Drop,4
Lupe Fiasco,Chris Goss,2
Lupe Fiasco,UNKLE,3
Lupe Fiasco,DJ Absolut,1
Lupe Fiasco,Al Shux,2
Lupe Fiasco,Severe,1
Lupe Fiasco,Needlz,5
Lupe Fiasco,The Neptunes,3
Lupe Fiasco,Stoupe The Enemy of Mankind,1
Lupe Fiasco,Brandon Howard,3
Lupe Fiasco,Ty Dolla $ign,3
Lupe Fiasco,"Dernst ""D'Mile"" Emile II",1
Lupe Fiasco,The Weeknd,1
Lupe Fiasco,Teklun,1
Lupe Fiasco,Mr. Inkredible,1
Lupe Fiasco,Floss & Flame,1
Lupe Fiasco,Patrick Stump,2
Lupe Fiasco,Mike Shinoda,2
Lupe Fiasco,"Charles ""Chilly"" Patton (Executive Producer)",1
Lupe Fiasco,Jay Z (Executive Producer),1
Lupe Fiasco,No I.D.,2
Lupe Fiasco,StreetRunner,1
Lupe Fiasco,S-X,3
Lupe Fiasco,Chef Tone,1
Lupe Fiasco,Soundz,1
Lupe Fiasco,B Ham,1
Lupe Fiasco,Cy Fyre,1
Lupe Fiasco,Purps,1
Lupe Fiasco,Quality Kid,1
Lupe Fiasco,"Kyle ""Keyz"" Davidson",1
Lupe Fiasco,Wiz Buchanan,1
Lupe Fiasco,Syience,1
Lupe Fiasco,"Jerry ""Wonda"" Duplessis",1
Lupe Fiasco,Shafiq Husayn,1
Lupe Fiasco,J.U.S.T.I.C.E. League,2
Lupe Fiasco,J Dilla,1
Lupe Fiasco,DJ Frank E,1
Lupe Fiasco,Miykal Snoddy,1
Lupe Fiasco,The Drop,1
Lupe Fiasco,Chris,1
Lupe Fiasco,Floss & Fame,4
Lupe Fiasco,Twitter,4
Lupe Fiasco,Julian Bunetta,1
Lupe Fiasco,Flying Lotus,1
Lupe Fiasco,Dhani Lennevald,1
Lupe Fiasco,The Glitch Mob,2
Lupe Fiasco,Salih Williams,1
Lupe Fiasco,Richard File,1
Lupe Fiasco,James Lavelle,1
Lupe Fiasco,Derrick Braxton,1
Lupe Fiasco,Chris Paultrie,1
Lupe Fiasco,Kane Beatz,1
Lupe Fiasco,BLOOD,1
Lupe Fiasco,(SNDCLSH),1
Lupe Fiasco,Movement,1
Lupe Fiasco,Jake Torrey,1
Digital Underground,D-Flow Production Squad,21
Digital Underground,Raw Fusion,3
Digital Underground,Shock G,2
Digital Underground,Digital Und,1
Digital Underground,Hella Tight,1
2Pac,Daz Dillinger,13
2Pac,Laylaw,2
2Pac,Stretch,5
2Pac,Hurt M Badd,9
2Pac,Rick Rock,2
2Pac,Mike Mosley,6
2Pac,Johnny J,61
2Pac,Big Simon Says,1
2Pac,Shock G,5
2Pac,Cold 187um,3
2Pac,Eminem,19
2Pac,DJ Daryl,5
2Pac,Jamal Joseph,2
2Pac,Charles Mack,1
2Pac,Big D The Impossible,11
2Pac,The Underground Railroad,12
2Pac,Dr. Dre,3
2Pac,Larry Chatman,1
2Pac,E.D.I. Mean,4
2Pac,Jazze Pha,3
2Pac,Dj Shota,1
2Pac,Tru Gee 79,1
2Pac,Raphael Saadiq,1
2Pac,Tony Pizarro,7
2Pac,Frank Nitty,1
2Pac,Warren G,2
2Pac,Karlin,3
2Pac,Soulshock,4
2Pac,Lipso-D,1
2Pac,L.T. Hutton,6
2Pac,Carvin Haggins,2
2Pac,Ivan Barias,2
2Pac,Sha Money XL,4
2Pac,We Got Kidz,6
2Pac,Troy Johnson,1
2Pac,88-Keys,1
2Pac,QDIII,12
2Pac,Luis Resto,2
2Pac,Deon Evans,1
2Pac,Go-Twice,1
2Pac,DJ Pooh,2
2Pac,Special Ed,1
2Pac,Akshun,2
2Pac,Darryl Harper,2
2Pac,Kenny Jayz®,1
2Pac,Darren Vegas,2
2Pac,Crooked I,2
2Pac,Daren Vegas,1
2Pac,Jim Gittum,2
2Pac,DJ Quik,4
2Pac,Sam Bostic,1
2Pac,Damon Thomas,1
2Pac,Red Spyda,2
2Pac,Anno Domini Beats,1
2Pac,Choo,1
2Pac,"Bobby ""Bobcat"" Ervin",4
2Pac,DJ MoonChild,1
2Pac,Easy Mo Bee,7
2Pac,Fabrizio Sotti,1
2Pac,D-Flow Production Squad,1
2Pac,DJ Fuze,1
2Pac,DJ Battlecat,1
2Pac,Levant Marcus,1
2Pac,Def Jef,1
2Pac,7 Aurelius,2
2Pac,Jukebox,3
2Pac,M.C Kid,1
2Pac,Hussein Fatal,1
2Pac,Street Radio,2
2Pac,Trackmasters,3
2Pac,Quimmy Quim,1
2Pac,Scott Gutierrez,1
2Pac,DR Period,1
2Pac,Brian G,1
2Pac,"Sean ""Barney"" Thomas",1
2Pac,Reginald Heard,1
2Pac,"Kip ""KP"" Wilson",1
2Pac,"Kurt ""Kobane"" Couthon",1
2Pac,Ant Banks,1
2Pac,Lyfe Jennings,1
2Pac,DJ Creep,2
2Pac,Russell Simmons,1
2Pac,Drew Dixon,1
2Pac,Nitty,3
2Pac,DJ Drain,1
2Pac,DeVante Swing,1
2Pac,Live Squad,3
2Pac,Harold Scrap Frettie,1
2Pac,Doug Rasheed,2
2Pac,Moe ZMD,3
2Pac,Atron Gregory,2
2Pac,Scott Storch,1
2Pac,Ricky Rouse,1
2Pac,Truman Jefferson,1
2Pac,Jake One,1
2Pac,Fredwreck,1
2Pac,Mike Dean,1
2Pac,Arnold Mischkulnig,1
2Pac,Bob Perry,1
2Pac,BRISS,2
2Pac,DJ AK,1
2Pac,UKNOWN,1
2Pac,Kurupt,1
2Pac,Novelist (US),1
2Pac,Claudio Cueni,1
2Pac,Pit Boss,1
2Pac,Reggie Moore,1
2Pac,Demetrius Meech Shipp,1
2Pac,J.Z.,1
2Pac,Explicheat,1
2Pac,Pilar Savone,1
2Pac,Reginald Hudlin,1
2Pac,Stacey Sher,1
2Pac,Swizz Beatz,1
2Pac,Easypointz,1
2Pac,Salih Williams,1
2Pac,Conrad Rosser,1
2Pac,Chris Rosser,1
2Pac,Outlawz,1
2Pac,Vinny Idol,1
2Pac,Raydon Coleman,1
2Pac,Shady Records,1
2Pac,Ayatollah,1
2Pac,GF Records,1
Trouble Funk,T. Hopkins,1
Trouble Funk,Reo Edwards,1
Trouble Funk,Chester Davis,1
